index,predicted_y
0,-6.835444
1,-1.2582417
2,6.3834553
3,-2.5410419
4,-0.3296855
5,1.4434297
6,-0.9123803
7,-4.3594384
8,-5.1315103
9,6.1402497
10,-1.7056239
11,-7.4907374
12,1.1466413
13,-2.5000207
14,4.497578
15,-4.8491354
16,-8.039173
17,0.38049203
18,2.8685784
19,-0.72594136
20,-3.0450113
21,2.2348764
22,-3.45525
23,-5.275063
24,-0.559133
25,6.042609
26,-2.0510676
27,-0.10158175
28,-3.4013183
29,3.2863538
30,3.5830975
31,2.0240028
32,4.070579
33,0.38661617
34,-5.4815755
35,-1.4118035
36,-0.56040317
37,-0.6099954
38,3.6152315
39,-0.32462543
40,3.162648
41,5.7964597
42,-4.2016177
43,6.761273
44,1.2071192
45,2.6015847
46,-2.926582
47,-2.484145
48,-2.894313
49,2.128367
50,1.3050396
51,-1.4679508
52,7.7614026
53,6.6697297
54,1.1915221
55,2.3385239
56,-8.006078
57,4.9267306
58,4.0067816
59,-0.49897105
60,1.8699517
61,0.5652541
62,-1.6848407
63,-6.3285656
64,1.466881
65,8.043142
66,-1.1328766
67,0.17860633
68,-0.829207
69,9.578475
70,2.0309658
71,-5.603869
72,-3.5033767
73,4.5075645
74,1.6179372
75,0.5857483
76,1.5639198
77,1.6301305
78,4.867823
79,-1.2280653
80,2.7121522
81,4.4638705
82,10.616887
83,1.213553
84,3.8552046
85,-1.2884064
86,-2.2081802
87,6.1875916
88,-1.1137857
89,0.48639065
90,1.4884288
91,5.3554363
92,3.0535815
93,0.021730602
94,-8.318202
95,2.936082
96,-0.62822
97,3.1987026
98,0.54468507
99,0.64928955
100,-5.2069697
101,-4.122013
102,-10.414018
103,3.3328376
104,-6.3067718
105,-3.1297634
106,-4.833479
107,-2.3956697
108,3.7514327
109,-2.1616564
110,-0.4628995
111,-1.9837205
112,1.5475357
113,-1.6025627
114,4.307351
115,3.3257
116,-2.4879405
117,-2.7101386
118,11.059431
119,1.4745603
120,-2.4733512
121,-1.1120129
122,2.6810482
123,1.7232113
124,-4.2603235
125,-1.2600391
126,1.1887909
127,-5.0016932
128,1.6761131
129,5.171347
130,7.8744473
131,-6.907477
132,-7.2823396
133,-2.7874417
134,4.60638
135,7.9522347
136,-6.3207574
137,4.6442237
138,-0.8915754
139,8.533108
140,3.4384046
141,2.0757165
142,5.2814674
143,5.2783685
144,-0.7024322
145,-2.380318
146,-0.933214
147,1.7567954
148,-6.752847
149,3.3020942
150,-3.652427
151,13.508207
152,-3.5529482
153,1.2804914
154,13.261249
155,1.6450827
156,3.8049195
157,5.891679
158,-0.59204227
159,6.3787327
160,2.3685057
161,2.2074065
162,-7.27321
163,2.1871562
164,-3.6012766
165,7.248164
166,2.7494164
167,-3.2409194
168,-4.2133846
169,-0.62171394
170,-2.1653183
171,1.8744757
172,-0.35784417
173,-1.1021955
174,2.5776365
175,-1.9707515
176,1.9273019
177,8.782192
178,-4.5855913
179,-1.1857319
180,5.9006577
181,2.933996
182,5.5081525
183,4.8921366
184,3.7929542
185,-3.1272337
186,3.421611
187,0.63916427
188,-7.336662
189,-3.9761436
190,-0.36898834
191,-2.5373664
192,0.060335338
193,-3.2289655
194,1.6718514
195,-0.41907567
196,1.6221039
197,-0.9675401
198,3.7237594
199,2.6595109
200,5.1238627
201,-0.72961694
202,1.8466904
203,6.0844297
204,-0.90167934
205,2.194442
206,-7.2317348
207,-1.3319104
208,-0.5555187
209,-2.9923956
210,1.0651698
211,-0.62416345
212,5.9446826
213,3.1785402
214,2.48841
215,-4.987038
216,5.4587035
217,-1.5560973
218,-1.4543421
219,4.139837
220,-0.67423326
221,-1.8090703
222,5.66201
223,6.8382916
224,2.1989975
225,-2.556814
226,-1.4570234
227,1.0964139
228,0.8507359
229,5.976889
230,-3.544264
231,-3.0196772
232,5.2767572
233,2.3019786
234,4.1191864
235,-5.8109117
236,-5.7932725
237,1.908756
238,4.989275
239,3.3388946
240,3.4669576
241,0.53882545
242,3.8593638
243,-4.0813804
244,-4.3863835
245,4.5083547
246,-2.2750003
247,4.2056704
248,3.019069
249,2.6264205
250,3.5268536
251,-2.4876277
252,4.5292015
253,-0.26907223
254,1.6725717
255,3.0165708
256,-8.155911
257,0.18435973
258,3.3756511
259,1.5554383
260,-4.8859572
261,1.0245016
262,-6.642986
263,0.95387083
264,1.3145802
265,4.9201503
266,1.2416303
267,3.6827357
268,-5.0765023
269,3.2733338
270,-1.2794216
271,3.1653643
272,0.19820541
273,-0.013415813
274,5.3607845
275,-5.19706
276,-1.4936187
277,-2.192568
278,1.7819717
279,-1.9653285
280,-2.748
281,-2.477458
282,1.7066293
283,-3.4766705
284,1.157824
285,3.3323314
286,5.334209
287,2.7527921
288,5.9879723
289,4.8236246
290,-4.2823105
291,-3.6584818
292,2.4332225
293,-10.396814
294,7.2502823
295,4.304187
296,-1.5151417
297,0.1703822
298,3.3609498
299,-4.496862
300,1.1159614
301,0.12491864
302,3.4515135
303,3.0038855
304,4.092718
305,3.2073967
306,-0.61575824
307,5.0751605
308,3.5181496
309,0.12763304
310,0.8057019
311,8.073179
312,0.7937117
313,-2.3924174
314,11.096309
315,7.607141
316,1.6518815
317,2.69385
318,4.260538
319,0.3610465
320,-3.5191634
321,-3.3258755
322,5.391332
323,-4.230969
324,-2.1098778
325,-2.0654705
326,2.8842378
327,0.5588154
328,1.4362998
329,4.0987678
330,5.553161
331,-4.6255527
332,0.6790318
333,-6.3866115
334,4.0423226
335,6.8922734
336,-2.3463883
337,-2.9370854
338,0.3361289
339,3.937211
340,4.0622845
341,-7.514363
342,5.842751
343,3.4229581
344,3.457444
345,0.2526402
346,2.0013967
347,4.045905
348,2.281272
349,-0.16363472
350,-3.0577724
351,-8.50355
352,-0.040809214
353,7.9402156
354,0.32111782
355,-1.3110759
356,6.798918
357,1.0109537
358,2.594381
359,1.0855389
360,-1.0999725
361,-7.34016
362,5.4028378
363,4.1978965
364,-2.1616564
365,-0.6537984
366,1.6135664
367,-0.9443446
368,7.0724187
369,-2.9227047
370,0.9200123
371,-2.6649144
372,0.9890212
373,6.0738845
374,-4.314066
375,4.535449
376,3.1524422
377,0.0025154948
378,4.4737864
379,-2.4903188
380,3.0616052
381,1.0732162
382,3.6051702
383,5.5517926
384,4.05018
385,0.77839583
386,1.2291698
387,-2.130978
388,5.3972545
389,4.1835485
390,0.24209327
391,-6.111353
392,4.957486
393,-2.3646598
394,-3.5971339
395,6.027356
396,-0.26437646
397,2.643276
398,4.1290784
399,15.106882
400,-5.591731
401,8.8047085
402,3.1953974
403,2.0200686
404,-3.669449
405,-2.310058
406,4.07752
407,9.757657
408,0.47774726
409,6.253353
410,3.946
411,8.622258
412,5.4427586
413,3.2724226
414,-1.063699
415,0.46664596
416,2.9245374
417,8.801695
418,-6.5977535
419,5.6573253
420,19.167635
421,8.626088
422,-0.6082149
423,0.71983963
424,-3.4063556
425,7.3481517
426,6.071031
427,-4.6660423
428,1.1445696
429,0.10899395
430,-1.2906237
431,5.1869392
432,2.4863598
433,1.9320078
434,7.330457
435,5.183431
436,9.776413
437,0.9878213
438,1.9406536
439,0.43396276
440,-1.561857
441,2.4665592
442,-0.62353355
443,1.6866233
444,6.626858
445,7.9376206
446,-1.7330902
447,-2.4176953
448,3.5319088
449,3.438103
450,0.49048227
451,2.4264035
452,-5.3258452
453,3.4040847
454,3.7288673
455,6.4427924
456,3.2373426
457,3.2203872
458,3.18502
459,-7.080557
460,1.4918823
461,2.0728087
462,3.067494
463,3.5001245
464,-0.7765017
465,-3.1563222
466,4.275862
467,-7.9487157
468,13.258542
469,1.1938477
470,1.0691311
471,-2.1073768
472,-5.361766
473,1.076061
474,4.7408085
475,1.2872028
476,3.428073
477,0.8075247
478,8.720391
479,-1.3478525
480,3.7035177
481,11.446943
482,3.4075787
483,7.093102
484,-2.7121854
485,3.843364
486,0.289483
487,0.73199314
488,-3.3940136
489,-2.10337
490,2.6101396
491,-7.3894515
492,1.7290208
493,-0.55174
494,3.170769
495,-7.747276
496,3.0737705
497,7.6010337
498,-0.5559543
499,-6.741306
500,9.500863
501,3.5278556
502,-0.8234808
503,-1.6993036
504,-1.340986
505,4.179079
506,1.0742328
507,-1.446074
508,6.7334824
509,13.28348
510,-2.319226
511,1.0515139
512,10.200514
513,1.119087
514,11.122994
515,-2.10245
516,7.4340315
517,2.7993681
518,-0.4128402
519,5.253878
520,-3.8424351
521,9.500336
522,2.4829283
523,-0.25426775
524,-1.6537764
525,1.8692322
526,-3.8337805
527,-2.140011
528,9.632916
529,5.951193
530,1.2712419
531,-0.49063045
532,2.3054883
533,5.1833935
534,-1.3142719
535,1.7329664
536,6.767173
537,1.8345807
538,-0.2977565
539,2.417673
540,-0.18296105
541,-2.5488963
542,1.6793225
543,7.05796
544,1.8877342
545,3.1518924
546,-0.9993802
547,10.881478
548,-5.025167
549,-9.119595
550,-5.895232
551,-3.6353328
552,1.151964
553,1.958169
554,-0.16563183
555,-4.3508067
556,3.1878169
557,3.458233
558,7.0175767
559,-1.4431243
560,6.0445466
561,-5.167995
562,-10.389177
563,-0.95627314
564,3.1454408
565,-1.7837188
566,6.631188
567,-1.1125314
568,3.6119378
569,6.9380517
570,3.3867261
571,1.5535858
572,4.118915
573,6.593868
574,4.747007
575,3.0946176
576,-2.1611612
577,-0.84107536
578,-1.5809951
579,-1.3023281
580,4.45491
581,11.650099
582,-1.7039883
583,6.2773285
584,18.568745
585,2.6939452
586,7.6143975
587,-3.0308676
588,4.038759
589,5.322861
590,0.73355836
591,5.7901807
592,4.774165
593,0.68672794
594,1.313298
595,8.505172
596,3.822726
597,-3.8045495
598,2.6129174
599,1.2873228
600,-3.5288694
601,6.418463
602,1.5323184
603,1.1679609
604,2.8386657
605,-1.4467423
606,-2.5004704
607,-1.8747427
608,0.6823018
609,8.787721
610,0.9406356
611,-3.206752
612,2.4816382
613,2.5065706
614,3.526604
615,-5.2465034
616,8.617022
617,-3.8251116
618,-6.216102
619,8.844316
620,2.8237047
621,9.8770275
622,-5.2283096
623,0.24031633
624,4.399978
625,5.4201603
626,-0.36946636
627,1.3088777
628,-1.5635011
629,0.7693204
630,5.967465
631,-3.3158944
632,-1.804769
633,14.336035
634,-2.8079627
635,4.2097898
636,-3.049251
637,3.1090395
638,-0.30595738
639,3.780206
640,-3.2594926
641,0.89451545
642,0.6956009
643,-4.822226
644,-3.6851237
645,5.820955
646,-2.3309343
647,-6.0879464
648,5.361099
649,3.7731378
650,3.8042705
651,-2.4656572
652,-4.983791
653,3.1127636
654,-5.7353873
655,-2.320618
656,-0.6259261
657,0.56968343
658,0.22296202
659,2.466128
660,-1.9983933
661,-1.0417359
662,-4.5790267
663,1.1093898
664,-0.6473504
665,-1.4794927
666,-1.2268627
667,-3.1596868
668,-0.017689288
669,-2.9714925
670,3.2113032
671,3.3481362
672,8.349889
673,0.6897888
674,10.523591
675,7.5905995
676,-2.6779027
677,0.82991356
678,-4.7631803
679,-2.8026078
680,2.5261798
681,-5.348022
682,-2.6828814
683,13.844547
684,8.961738
685,-0.43102723
686,-0.3303234
687,3.947725
688,-7.2648787
689,6.156836
690,6.3949656
691,-2.6877954
692,3.1246274
693,1.614677
694,-2.7990172
695,4.2709794
696,5.764057
697,2.3045156
698,-2.8286169
699,0.18045062
700,-0.18416923
701,0.84565145
702,8.163928
703,1.2153642
704,-1.2537749
705,11.309274
706,1.650315
707,3.090395
708,1.189918
709,1.8445795
710,7.0771146
711,1.4010862
712,3.5961618
713,-2.9003425
714,1.1334162
715,-1.6924822
716,3.2188485
717,1.2555039
718,10.201596
719,-4.8686633
720,-3.4182484
721,4.1135345
722,-1.7251732
723,-4.12757
724,3.08855
725,5.2696986
726,4.1971054
727,-0.3753559
728,6.724226
729,-0.46003157
730,0.43426543
731,-2.7951694
732,0.01224035
733,7.461405
734,0.14389569
735,-1.1739786
736,-1.1196184
737,9.579907
738,5.4682503
739,5.0089383
740,4.4139333
741,2.4888017
742,-3.2611496
743,-1.4831667
744,5.3378196
745,6.796203
746,0.018430173
747,4.605787
748,3.0108693
749,6.1619964
750,-2.846054
751,-3.2563317
752,4.873105
753,10.278857
754,-1.4796879
755,4.092358
756,1.6951764
757,4.0810184
758,-3.1404479
759,-8.100376
760,10.376624
761,1.5375373
762,5.65718
763,2.9074
764,-3.3287208
765,2.3857243
766,2.8025703
767,-5.6662335
768,-2.1193244
769,-2.8075252
770,4.9399323
771,-5.8677025
772,-3.6975129
773,2.7377105
774,2.1046135
775,2.63055
776,3.4655852
777,-1.1678965
778,-3.6309707
779,-1.0657523
780,2.3947883
781,4.5376363
782,0.53596246
783,-4.300376
784,5.493712
785,-0.23981279
786,4.3614397
787,0.8870467
788,1.5986166
789,1.5015854
790,1.9560065
791,4.3412676
792,-2.8810828
793,8.762664
794,4.11894
795,3.6497788
796,-9.091118
797,-3.2022083
798,0.457568
799,5.644388
800,-0.9703128
801,-1.3013275
802,-6.5077863
803,3.483335
804,2.054641
805,2.90363
806,-0.02291876
807,4.515569
808,0.5597611
809,0.49835652
810,9.692096
811,1.5326476
812,8.989677
813,-4.3194437
814,-3.1477773
815,0.64268935
816,3.0312757
817,0.5530066
818,-1.043386
819,0.022966564
820,2.968694
821,1.7033994
822,-2.1861136
823,4.6849303
824,4.407261
825,4.749744
826,0.035431087
827,6.151895
828,-5.1905694
829,7.2946615
830,2.300293
831,-4.284461
832,1.6797764
833,2.5389385
834,2.9353774
835,-1.8262055
836,3.9402008
837,7.2323775
838,-0.30989152
839,-4.7148128
840,11.7947035
841,5.051745
842,-0.6521818
843,-5.0459924
844,7.8275967
845,6.6795974
846,2.0924535
847,2.362263
848,6.3464885
849,-9.871528
850,-0.6759723
851,6.972965
852,9.513364
853,3.246525
854,2.2009451
855,0.813436
856,3.092835
857,0.22821301
858,-3.3352644
859,18.209103
860,-7.1892514
861,1.6057724
862,-0.434192
863,-1.7318501
864,6.661588
865,10.45754
866,-8.350322
867,-0.23997527
868,2.762981
869,-5.0460286
870,6.960353
871,-2.8764098
872,-2.7831452
873,-0.91532546
874,0.6093077
875,6.2229652
876,7.5786214
877,-4.3057127
878,-0.022224724
879,3.7718208
880,0.16897136
881,5.542663
882,11.3105
883,4.6328235
884,3.7618585
885,0.599076
886,8.784217
887,-4.9736857
888,-7.9299045
889,0.8477247
890,-4.85699
891,2.3421998
892,3.7204945
893,-1.409487
894,6.8666654
895,0.13073295
896,-0.8541619
897,-3.8502533
898,-3.0733862
899,-0.51128775
900,3.9895236
901,-6.1993513
902,-6.2849336
903,7.3740945
904,2.4276981
905,1.5179029
906,-6.2144156
907,4.0187383
908,8.108107
909,2.4014542
910,1.0306096
911,6.0843873
912,-2.0000153
913,-8.390576
914,4.3804674
915,-7.8297925
916,-1.6420374
917,0.88957137
918,3.6907864
919,-5.8971896
920,4.64753
921,-1.6890383
922,0.51064986
923,-4.3470626
924,3.5692477
925,0.52922744
926,2.0290244
927,-0.7368694
928,-2.5259783
929,-1.6081698
930,2.2079356
931,3.9402745
932,-0.2975896
933,4.3149757
934,-1.4732797
935,-3.8251688
936,-10.381182
937,1.9102299
938,1.5414767
939,2.90322
940,-4.1421695
941,3.3452384
942,6.9033923
943,6.058217
944,-1.3763571
945,-0.44128972
946,-0.6777287
947,7.8274255
948,6.6731186
949,0.35774344
950,-0.047808945
951,4.3734474
952,6.9827447
953,-1.9656262
954,-5.576232
955,-0.6155452
956,-4.2882757
957,3.8564708
958,-3.2039125
959,-0.5973949
960,0.7373484
961,8.787721
962,-4.5603294
963,4.7524824
964,4.710866
965,2.5950768
966,-0.76219374
967,4.898637
968,-5.458607
969,15.5374565
970,2.9356687
971,-0.6651166
972,-4.898923
973,-0.0048512816
974,-6.269642
975,-0.058897316
976,0.5984723
977,4.9295006
978,13.326511
979,5.631063
980,0.19375128
981,-2.446148
982,4.821463
983,2.1204932
984,-1.8504484
985,-0.795373
986,6.348187
987,-3.3908174
988,4.193167
989,2.8903248
990,1.5689502
991,-4.927417
992,1.3483226
993,3.5575643
994,-8.198913
995,0.14088815
996,8.211579
997,0.74452776
998,-1.3468828
999,1.9641979
